,会社名,ふりがな
0,株式会社トミヤコーポレーション,かぶしきがいしゃとみやこーぽれーしょん
1,株式会社SIGNAL BLUE(高梁自動車学校),かぶしきがいしゃSIGNAL BLUE(たかはしじどうしゃがっこう)
2,株式会社山陽メディアサプライズ,かぶしきがいしゃさんようめでぃあさぷらいず
3,スカイライブ株式会社,すかいらいぶかぶしきがいしゃ
4,日東物産株式会社,にっとうぶっさんかぶしきがいしゃ
5,株式会社三永,かぶしきがいしゃさんえい
6,平林金属グループ,ひらばやしきんぞくぐるーぷ
7,株式会社シーズ,かぶしきがいしゃしーず
8,株式会社アクアプランニング,かぶしきがいしゃあくあぷらんにんぐ
9,岡山宮地弘商事株式会社,おかやまみやぢひろししょうじかぶしきがいしゃ
10,株式会社廣榮堂,かぶしきがいしゃこうさかえどう
11,株式会社マーキュリー,かぶしきがいしゃまーきゅりー
12,ワタナベ工業株式会社,わたなべこうぎょうかぶしきがいしゃ
13,株式会社スーパードライチェーン,かぶしきがいしゃすーぱーどらいちぇーん
14,ネットリンクス株式会社,ねっとりんくすかぶしきがいしゃ
15,長瀬石油株式会社,ながせせきゆかぶしきがいしゃ
16,株式会社環境科学設計,かぶしきがいしゃかんきょうかがくせっけい
17,岡山県農業共済組合,おかやまけんのうぎょうきょうさいくみあい
18,株式会社ウィルオブ・ワーク,かぶしきがいしゃうぃるおぶ・わーく
19,コーホク印刷株式会社,こーほくいんさつかぶしきがいしゃ
20,株式会社エムズ・ユー【バージングループ】,かぶしきがいしゃえむず・ゆー【ばーじんぐるーぷ】
21,株式会社サンキョウ－エンビックス,かぶしきがいしゃさんきょう－えんびっくす
22,さんもく工業株式会社,さんもくこうぎょうかぶしきがいしゃ
23,ナガオ株式会社,ながおかぶしきがいしゃ
24,淵本重工業株式会社,ふちほんじゅうこうぎょうかぶしきがいしゃ
25,株式会社マティクス,かぶしきがいしゃまてぃくす
26,株式会社ピュアボックス,かぶしきがいしゃぴゅあぼっくす
27,岡山コンクリート工業株式会社,おかやまこんくりーとこうぎょうかぶしきがいしゃ
28,備北信用金庫,びきたしんようきんこ
29,株式会社オーディーエル,かぶしきがいしゃおーでぃーえる
30,公益財団法人岡山県環境保全事業団,こうえきざいだんほうじんおかやまけんかんきょうほぜんじぎょうだん
31,ライクスタッフィング株式会社　中国支社,らいくすたっふぃんぐかぶしきがいしゃ　ちゅうごくししゃ
32,株式会社ヒラタ,かぶしきがいしゃひらた
33,新興工業株式会社,しんこうこうぎょうかぶしきがいしゃ
34,玉野土建株式会社,たまのどけんかぶしきがいしゃ
35,ダイシン電機株式会社,だいしんでんきかぶしきがいしゃ
36,岡山三菱ふそう自動車販売株式会社,おかやまみつびしふそうじどうしゃはんばいかぶしきがいしゃ
37,株式会社萌昇ゼミ,かぶしきがいしゃほうのぼるぜみ
38,株式会社岡田商運,かぶしきがいしゃおかだしょううん
39,税理士法人久遠,ぜいりしほうじんくどう
40,株式会社岡山スポーツ会館【OSKグループ】,かぶしきがいしゃおかやますぽーつかいかん【OSKぐるーぷ】
41,中谷エネテック株式会社水島本社,なかたにえねてっくかぶしきがいしゃみずしまほんしゃ
42,岡山県警察本部,おかやまけんけいさつほんぶ
43,小橋工業株式会社,こばしこうぎょうかぶしきがいしゃ
44,株式会社天満屋ストア,かぶしきがいしゃてんまやすとあ
45,株式会社大倉,かぶしきがいしゃおおくら
46,ゴダイ株式会社,ごだいかぶしきがいしゃ
47,株式会社大同設備工業,かぶしきがいしゃだいどうせつびこうぎょう
48,株式会社ナッシュ (inBlue),かぶしきがいしゃなっしゅ (inBlue)
