ID,会社名,ふりがな
0,株式会社トミヤコーポレーション,かぶしきがいしゃとみやこーぽれーしょん
1,株式会社SIGNAL BLUE(高梁自動車学校),かぶしきがいしゃSIGNAL BLUE(たかはしじどうしゃがっこう)
2,株式会社山陽メディアサプライズ,かぶしきがいしゃさんようめでぃあさぷらいず
3,スカイライブ株式会社,すかいらいぶかぶしきがいしゃ
4,日東物産株式会社,にっとうぶっさんかぶしきがいしゃ
5,株式会社三永,かぶしきがいしゃさんえい
6,平林金属グループ,ひらばやしきんぞくぐるーぷ
7,株式会社シーズ,かぶしきがいしゃしーず
8,株式会社アクアプランニング,かぶしきがいしゃあくあぷらんにんぐ
9,岡山宮地弘商事株式会社,おかやまみやぢひろししょうじかぶしきがいしゃ
10,株式会社廣榮堂,かぶしきがいしゃこうさかえどう
11,株式会社マーキュリー,かぶしきがいしゃまーきゅりー
12,ワタナベ工業株式会社,わたなべこうぎょうかぶしきがいしゃ
13,株式会社スーパードライチェーン,かぶしきがいしゃすーぱーどらいちぇーん
14,ネットリンクス株式会社,ねっとりんくすかぶしきがいしゃ
15,長瀬石油株式会社,ながせせきゆかぶしきがいしゃ
16,株式会社環境科学設計,かぶしきがいしゃかんきょうかがくせっけい
17,岡山県農業共済組合,おかやまけんのうぎょうきょうさいくみあい
18,株式会社ウィルオブ・ワーク,かぶしきがいしゃうぃるおぶ・わーく
19,コーホク印刷株式会社,こーほくいんさつかぶしきがいしゃ
20,株式会社エムズ・ユー【バージングループ】,かぶしきがいしゃえむず・ゆー【ばーじんぐるーぷ】
21,株式会社サンキョウ－エンビックス,かぶしきがいしゃさんきょう－えんびっくす
22,さんもく工業株式会社,さんもくこうぎょうかぶしきがいしゃ
23,ナガオ株式会社,ながおかぶしきがいしゃ
24,淵本重工業株式会社,ふちほんじゅうこうぎょうかぶしきがいしゃ
25,株式会社マティクス,かぶしきがいしゃまてぃくす
26,株式会社ピュアボックス,かぶしきがいしゃぴゅあぼっくす
27,岡山コンクリート工業株式会社,おかやまこんくりーとこうぎょうかぶしきがいしゃ
28,備北信用金庫,びきたしんようきんこ
29,株式会社オーディーエル,かぶしきがいしゃおーでぃーえる
30,公益財団法人岡山県環境保全事業団,こうえきざいだんほうじんおかやまけんかんきょうほぜんじぎょうだん
31,ライクスタッフィング株式会社　中国支社,らいくすたっふぃんぐかぶしきがいしゃ　ちゅうごくししゃ
32,株式会社ヒラタ,かぶしきがいしゃひらた
33,新興工業株式会社,しんこうこうぎょうかぶしきがいしゃ
34,玉野土建株式会社,たまのどけんかぶしきがいしゃ
35,ダイシン電機株式会社,だいしんでんきかぶしきがいしゃ
36,岡山三菱ふそう自動車販売株式会社,おかやまみつびしふそうじどうしゃはんばいかぶしきがいしゃ
37,株式会社萌昇ゼミ,かぶしきがいしゃほうのぼるぜみ
38,株式会社岡田商運,かぶしきがいしゃおかだしょううん
39,税理士法人久遠,ぜいりしほうじんくどう
40,株式会社岡山スポーツ会館【OSKグループ】,かぶしきがいしゃおかやますぽーつかいかん【OSKぐるーぷ】
41,中谷エネテック株式会社水島本社,なかたにえねてっくかぶしきがいしゃみずしまほんしゃ
42,岡山県警察本部,おかやまけんけいさつほんぶ
43,小橋工業株式会社,こばしこうぎょうかぶしきがいしゃ
44,株式会社天満屋ストア,かぶしきがいしゃてんまやすとあ
45,株式会社大倉,かぶしきがいしゃおおくら
46,ゴダイ株式会社,ごだいかぶしきがいしゃ
47,株式会社大同設備工業,かぶしきがいしゃだいどうせつびこうぎょう
48,株式会社ナッシュ (inBlue),かぶしきがいしゃなっしゅ (inBlue)
49,東中国スズキ自動車株式会社,ひがしなかくにすずきじどうしゃかぶしきがいしゃ
50,株式会社桑和,かぶしきがいしゃくわわ
51,株式会社明石スクールユニフォームカンパニー【明石被服興業株式会社グループ】,かぶしきがいしゃあかしすくーるゆにふぉーむかんぱにー【あかしひふくこうぎょうかぶしきがいしゃぐるーぷ】
52,ネッツトヨタ岡山株式会社,ねっつとよたおかやまかぶしきがいしゃ
53,オーニット株式会社,おーにっとかぶしきがいしゃ
54,岡山土地倉庫株式会社,おかやまとちそうこかぶしきがいしゃ
55,双葉運輸株式会社,ふたばうんゆかぶしきがいしゃ
56,三乗工業株式会社,さんじょうこうぎょうかぶしきがいしゃ
57,平松電気工事株式会社,ひらまつでんきこうじかぶしきがいしゃ
58,株式会社シシドモータース,かぶしきがいしゃししどもーたーす
59,株式会社岡山マツダ,かぶしきがいしゃおかやままつだ
60,サンキ・ウエルビィ株式会社,さんき・うえるびぃかぶしきがいしゃ
61,株式会社山陽セフティ,かぶしきがいしゃさんようせふてぃ
62,株式会社サニクリーン山陽,かぶしきがいしゃさにくりーんさんよう
63,オージー物流株式会社,おーじーぶつりゅうかぶしきがいしゃ
64,ＯＥＣグループ【OEC株式会社／株式会社アイアットOEC】,ＯＥＣぐるーぷ【OECかぶしきがいしゃ／かぶしきがいしゃあいあっとOEC】
65,株式会社トマト銀行,かぶしきがいしゃとまとぎんこう
66,ピコシステム株式会社,ぴこしすてむかぶしきがいしゃ
67,株式会社仁科百貨店,かぶしきがいしゃにしなひゃっかてん
68,日本生命保険相互会社,にほんせいめいほけんそうごかいしゃ
69,株式会社NHC,かぶしきがいしゃNHC
70,P･O･Pホールディングス株式会社,P･O･Pほーるでぃんぐすかぶしきがいしゃ
71,株式会社サンラヴィアン,かぶしきがいしゃさんらゔぃあん
72,内山工業株式会社,うちやまこうぎょうかぶしきがいしゃ
73,株式会社ケイ・ウノ,かぶしきがいしゃけい・うの
74,小田象製粉株式会社,おだぞうせいふんかぶしきがいしゃ
75,株式会社ウッズカンパニー,かぶしきがいしゃうっずかんぱにー
76,岩水開発株式会社（建設部門）,いわみずかいはつかぶしきがいしゃ（けんせつぶもん）
77,藤徳物産株式会社,ふじとくぶっさんかぶしきがいしゃ
78,スズキ岡山販売株式会社,すずきおかやまはんばいかぶしきがいしゃ
79,JAPAN HOME WAND株式会社,JAPAN HOME WANDかぶしきがいしゃ
80,大黒天物産株式会社,だいこくてんぶっさんかぶしきがいしゃ
81,片山工業株式会社,かたやまこうぎょうかぶしきがいしゃ
82,株式会社ハローズ,かぶしきがいしゃはろーず
83,株式会社クラップス,かぶしきがいしゃくらっぷす
84,株式会社シティライト,かぶしきがいしゃしてぃらいと
85,株式会社まつもとコーポレーション,かぶしきがいしゃまつもとこーぽれーしょん
86,株式会社ホンダ四輪販売岡山,かぶしきがいしゃほんだよんりんはんばいおかやま
87,株式会社いのうえ (いのうえエヴァホール),かぶしきがいしゃいのうえ (いのうええゔぁほーる)
88,株式会社ケイコーポレーション,かぶしきがいしゃけいこーぽれーしょん
89,株式会社ザグザグ,かぶしきがいしゃざぐざぐ
90,株式会社ティーワイ・ピー,かぶしきがいしゃてぃーわい・ぴー
91,興南設計株式会社,きょうみなみせっけいかぶしきがいしゃ
92,株式会社共立精機,かぶしきがいしゃきょうりつせいき
93,鳴本石材株式会社,めいもといしざいかぶしきがいしゃ
94,株式会社山陽マルナカ,かぶしきがいしゃさんようまるなか
95,株式会社メグハウスファミリアグループ,かぶしきがいしゃめぐはうすふぁみりあぐるーぷ
96,株式会社重藤組,かぶしきがいしゃじゅうふじくみ
97,ライフサロン（岩水開発株式会社　金融部門）,らいふさろん（いわみずかいはつかぶしきがいしゃ　きんゆうぶもん）
98,ナカウン株式会社,なかうんかぶしきがいしゃ
99,ELJソーラーコーポレーション株式会社,ELJそーらーこーぽれーしょんかぶしきがいしゃ
100,イオンリテール株式会社,いおんりてーるかぶしきがいしゃ
101,株式会社鞆スコレ・コーポレーション,かぶしきがいしゃともすこれ・こーぽれーしょん
102,三井不動産リアルティ中国株式会社,みついふどうさんりあるてぃちゅうごくかぶしきがいしゃ
103,アサゴエ工業株式会社,あさごえこうぎょうかぶしきがいしゃ
104,株式会社ベネッセインフォシェル,かぶしきがいしゃべねっせいんふぉしぇる
105,マイライフ株式会社（オール薬局）,まいらいふかぶしきがいしゃ（おーるやっきょく）
106,イワタニ山陽株式会社,いわたにさんようかぶしきがいしゃ
107,社会福祉法人松園福祉会【あすなろ園】,しゃかいふくしほうじんまつそのふくしかい【あすなろその】
108,大森商事株式会社,おおもりしょうじかぶしきがいしゃ
109,高山産業株式会社,こうざんさんぎょうかぶしきがいしゃ
110,富士技術開発株式会社,ふじぎじゅつかいはつかぶしきがいしゃ
111,株式会社ププレひまわり,かぶしきがいしゃぷぷれひまわり
112,ヤンマーアグリジャパン株式会社　中四国支社,やんまーあぐりじゃぱんかぶしきがいしゃ　ちゅうしこくししゃ
113,社会福祉法人明光会,しゃかいふくしほうじんめいひかりかい
114,おかやま信用金庫,おかやましんようきんこ
115,株式会社土井,かぶしきがいしゃつちい
116,おもちゃ王国（サンヨープレジャーグループ）,おもちゃおうこく（さんよーぷれじゃーぐるーぷ）
117,株式会社トヨタレンタリース新岡山,かぶしきがいしゃとよたれんたりーすしんおかやま
118,株式会社西郡商店,かぶしきがいしゃにしぐんしょうてん
119,株式会社ビッグ・エス（ケーズデンキグループ）,かぶしきがいしゃびっぐ・えす（けーずでんきぐるーぷ）
120,大和クレス株式会社,やまとくれすかぶしきがいしゃ
121,株式会社MGH,かぶしきがいしゃMGH
122,株式会社アンセイ,かぶしきがいしゃあんせい
123,シーアール物流株式会社,しーあーるぶつりゅうかぶしきがいしゃ
124,山陽ヤナセ株式会社,さんようやなせかぶしきがいしゃ
125,コムパス株式会社,こむぱすかぶしきがいしゃ
126,菱自梱包株式会社,ひしじこんぽうかぶしきがいしゃ
127,株式会社藤屋,かぶしきがいしゃふじや
128,株式会社倉敷自動車教習所,かぶしきがいしゃくらしきじどうしゃきょうしゅうじょ
129,ダブルツリーグループ,だぶるつりーぐるーぷ
130,セキスイハイム中四国株式会社,せきすいはいむちゅうしこくかぶしきがいしゃ
131,ネッツトヨタ山陽株式会社,ねっつとよたさんようかぶしきがいしゃ
132,ダイキンＨＶＡＣソリューション中四国株式会社,だいきんＨＶＡＣそりゅーしょんちゅうしこくかぶしきがいしゃ
133,エナジーサプライ株式会社,えなじーさぷらいかぶしきがいしゃ
134,株式会社エブリイホーミイホールディングス【(株)エブリイ／(株)ホーミイダイニング】,かぶしきがいしゃえぶりいほーみいほーるでぃんぐす【(かぶ)えぶりい／(かぶ)ほーみいだいにんぐ】
135,岡山トヨペット株式会社,おかやまとよぺっとかぶしきがいしゃ
136,株式会社デジタルステーション,かぶしきがいしゃでじたるすてーしょん
137,カジノン株式会社,かじのんかぶしきがいしゃ
138,株式会社ウェーブハウス,かぶしきがいしゃうぇーぶはうす
139,株式会社カートップ,かぶしきがいしゃかーとっぷ
140,大松精機グループ【大松精機（株）／大松工業（株）／大松テック（株）／ダイショウ（株）／大松機工（株）／関東大松精機（株）】,おおまつせいきぐるーぷ【おおまつせいき（かぶ）／おおまつこうぎょう（かぶ）／おおまつてっく（かぶ）／だいしょう（かぶ）／おおまつきこう（かぶ）／かんとうおおまつせいき（かぶ）】
